{"train_loss": [1.3852298954739708, 0.8963052572821993, 0.7577783328189723, 0.6612697228346234, 0.5945275414012996, 0.5328990435679053, 0.47514880143746013, 0.4238418737623332, 0.37551484580484057, 0.3324753911468295, 0.29755171394541796, 0.2691402129894574, 0.2442151110004921, 0.21591676996573642, 0.19517653922848854, 0.13040062721171478, 0.11194891934175381, 0.10507296092730295, 0.09229566467928983, 0.08758881658360276, 0.08194080425488162, 0.08177808252594532, 0.07821047484760875, 0.07009870640044757, 0.0702584643085002, 0.06783670957100481, 0.07003347115657325, 0.0681734289347024, 0.06863709753190755, 0.06790103915072865], "val_loss": [0.9668844199389105, 0.8117577828767569, 0.7257155971810825, 0.7404736952383348, 0.6947606711203665, 0.6951464832421459, 0.7095902713062899, 0.7233566100243181, 0.7454245477472163, 0.7517958529518747, 0.7856056740196196, 0.7996834699317499, 0.8345574041565608, 0.8810627004101786, 0.8941879471880645, 0.8607759261777295, 0.8733755699682423, 0.8688919959635867, 0.8935409704855714, 0.8880311565116733, 0.9066557897974407, 0.9151728226757776, 0.9245427889765734, 0.8998635626144798, 0.919329852342311, 0.9240461434603792, 0.9299550107846515, 0.9217683867108589, 0.9279951074676435, 0.9260408789394039], "train_acc": [0.5014286206065613, 0.6626734138868808, 0.7156528624049021, 0.752142930909842, 0.7766532410754243, 0.8030569038521119, 0.8248476711762883, 0.8423353643843161, 0.8622327790973872, 0.8763124376054253, 0.8921477503528521, 0.9020620331164584, 0.9127336569245069, 0.9222004199800338, 0.9292230369375882, 0.9552480291920548, 0.9643361217253607, 0.9673654859031292, 0.9720128059485696, 0.9740438569313918, 0.9746634996041171, 0.9745946504182588, 0.9765568522152226, 0.98048125580915, 0.9798271885434955, 0.9807222279596544, 0.979379668835416, 0.9799648869152122, 0.9800337361010706, 0.9805501049950084], "val_acc": [0.625952973276623, 0.6906347805152074, 0.7276302062434796, 0.7255436963325576, 0.741674022951609, 0.7441617847684776, 0.747612551159618, 0.7474520503972394, 0.7431987801942059, 0.7480940534467538, 0.7502608137388652, 0.7480138030655645, 0.7387850092287939, 0.7443222855308562, 0.7431987801942059, 0.7517855709814621, 0.7546745847042774, 0.7553165877537918, 0.757162346521146, 0.753551079367627, 0.7523473236497873, 0.7561993419468742, 0.7519460717438408, 0.753551079367627, 0.7577240991894711, 0.7545140839418987, 0.7533905786052484, 0.7553968381349812, 0.7569215953775781, 0.7557980900409277]}