{"train_loss": [1.2975723274249076, 0.7829605715209823, 0.6404449157539903, 0.5362218057096727, 0.43835754005345084, 0.35146487689277545, 0.2801962908857916, 0.22659497076259835, 0.12898769400965643, 0.09616339266909715, 0.07852371669905711, 0.0715396960147596, 0.06092503563719412, 0.059512152893453095, 0.053712684571146065, 0.04482154029483754, 0.04512190754431257, 0.043252462074316995, 0.042304150376951996, 0.04330757874099277, 0.04114893666813576, 0.03942972796710515, 0.040172919828512926, 0.04206794742140319], "val_loss": [0.8578846406320705, 0.748762058207122, 0.7160919881312222, 0.6944453186880521, 0.7488197605065082, 0.7873335164757649, 0.8226488114266497, 0.9002880600911575, 0.853709393979805, 0.8901188824677662, 0.9023391390475624, 0.9356681894275632, 0.9449062529340191, 0.9711319196811834, 0.9744198732250681, 0.9801557557744037, 0.9688127800815047, 1.0010072541413353, 0.9927056070449165, 1.0025794994351211, 0.9743244843167247, 0.9900958949625123, 0.9887330751907694, 0.9917879396094537], "train_acc": [0.5477641226892492, 0.7062205239423044, 0.7612998726290061, 0.7989259527006093, 0.8374814967813006, 0.869875038727667, 0.8979999311508141, 0.9194808771386278, 0.9585183655203278, 0.9710833419394815, 0.9764880030293642, 0.978828875348549, 0.9825467313849013, 0.9823401838273262, 0.9852662742263073, 0.9879169678818548, 0.9877792695101381, 0.9873317498020586, 0.9882956384040759, 0.9883300629970051, 0.9888120072980137, 0.9897070467141726, 0.9894316499707391, 0.9889152810768013], "val_acc": [0.6761897119011315, 0.7196051681245486, 0.7372602519861969, 0.7438407832437204, 0.7399887649466335, 0.7426370275258808, 0.7349329909317069, 0.7433592809565845, 0.7582858518577963, 0.7585266030013642, 0.7604526121499077, 0.7554770885161705, 0.7591686060508788, 0.7572425969023353, 0.7566808442340102, 0.7567610946151995, 0.7640638793034267, 0.7573228472835246, 0.758205601476607, 0.7585266030013642, 0.7597303587192039, 0.7561993419468742, 0.7567610946151995, 0.7568413449963888]}