{"train_loss": [1.3128750965589995, 0.9293394757656274, 0.773621517976147, 0.6837738719050842, 0.608744449240652, 0.5498056111176239, 0.49445048863240537, 0.4400338208752106, 0.39858651658446254, 0.35845903860659456, 0.3152237983291255, 0.2890485282377073, 0.2551922039928875, 0.19488053320776794, 0.169925267236576, 0.15898864662532677, 0.15384689550721167, 0.14475607910844301, 0.13381338461047337, 0.13401347099616714, 0.12118904337482855, 0.12448579250677952, 0.12135425553437106], "val_loss": [0.9887097247102715, 0.8108251900609406, 0.7402678915157206, 0.6999344641763587, 0.6858639405545359, 0.6795211111459001, 0.6999059656186003, 0.7084874683035841, 0.728896165613656, 0.737268768394556, 0.8004477110624344, 0.8156652340018525, 0.8361787406569039, 0.8504223053739093, 0.8772591345863036, 0.8718779310296393, 0.8812100102500066, 0.902683664933234, 0.9218111775933509, 0.9192779354746683, 0.9366093295766463, 0.9146121949178169, 0.9026610278557149], "train_acc": [0.483114737168233, 0.6426727253950222, 0.7082171503321973, 0.7440531515714827, 0.7732107817825055, 0.7956900409652656, 0.8188922165995387, 0.8394436985782643, 0.8535233570863024, 0.8682915074529244, 0.885193982581156, 0.8942132259286034, 0.9084305828083583, 0.9315294846638439, 0.9407897001617956, 0.9455747185789528, 0.9455058693930944, 0.9495679713587387, 0.9546972357051878, 0.9530104306516576, 0.9592412819718407, 0.9581741195910358, 0.9574167785465937], "val_acc": [0.614557419147741, 0.6925607896637509, 0.7214509268919027, 0.7377417542733328, 0.7459272931546425, 0.749939812214108, 0.7492978091645935, 0.753551079367627, 0.7547548350854667, 0.7501805633576759, 0.7456062916298852, 0.7506620656448119, 0.7537115801300056, 0.7514645694567049, 0.7568413449963888, 0.7573228472835246, 0.7542733327983308, 0.755878340422117, 0.7542733327983308, 0.7557178396597384, 0.7547548350854667, 0.7553968381349812, 0.7537918305111949]}